184,VI,3TC,RT,M184VI
184,VI,FTC,RT,M184VI
184,VI,ABC,RT,M184VI
184,VI,DDI,RT,M184VI
65,R,3TC,RT,NRTI
65,R,FTC,RT,NRTI
65,R,ABC,RT,NRTI
65,R,DDI,RT,NRTI
65,R,TDF,RT,NRTI
65,R,D4T,RT,NRTI
70,E,ABC,RT,NRTI
70,E,DDI,RT,NRTI
70,E,TDF,RT,NRTI
70,E,D4T,RT,NRTI
74,VI,ABC,RT,NRTI
74,VI,DDI,RT,NRTI
115,F,ABC,RT,NRTI
115,F,TDF,RT,NRTI
41,L,ABC,RT,NRTI
41,L,DDI,RT,NRTI
41,L,TDF,RT,NRTI
41,L,D4T,RT,NRTI
41,L,AZT,RT,NRTI
67,N,D4T,RT,NRTI
67,N,AZT,RT,NRTI
70,R,TDF,RT,NRTI
70,R,D4T,RT,NRTI
70,R,AZT,RT,NRTI
210,W,ABC,RT,NRTI
210,W,DDI,RT,NRTI
210,W,TDF,RT,NRTI
210,W,D4T,RT,NRTI
210,W,AZT,RT,NRTI
215,FY,ABC,RT,NRTI
215,FY,DDI,RT,NRTI
215,FY,TDF,RT,NRTI
215,FY,D4T,RT,NRTI
215,FY,AZT,RT,NRTI
219,QE,D4T,RT,NRTI
219,QE,AZT,RT,NRTI
151,M,3TC,RT,NRTI
151,M,FTC,RT,NRTI
151,M,ABC,RT,NRTI
151,M,DDI,RT,NRTI
151,M,TDF,RT,NRTI
151,M,D4T,RT,NRTI
151,M,AZT,RT,NRTI
100,I,EFV,RT,NNRTI
100,I,ETR,RT,NNRTI
100,I,NVP,RT,NNRTI
100,I,RPV,RT,NNRTI
101,EP,EFV,RT,NNRTI
101,EP,ETR,RT,NNRTI
101,EP,NVP,RT,NNRTI
101,EP,RPV,RT,NNRTI
103,NS,EFV,RT,NNRTI
103,NS,NVP,RT,NNRTI
106,AMI,EFV,RT,NNRTI
106,AMI,NVP,RT,NNRTI
138,AGKQ,ETR,RT,NNRTI
138,AGKQ,RPV,RT,NNRTI
181,CIV,EFV,RT,NNRTI
181,CIV,ETR,RT,NNRTI
181,CIV,NVP,RT,NNRTI
181,CIV,RPV,RT,NNRTI
188,LCH,EFV,RT,NNRTI
188,L,ETR,RT,NNRTI
188,LCH,NVP,RT,NNRTI
188,L,RPV,RT,NNRTI
190,ASE,EFV,RT,NNRTI
190,ASE,ETR,RT,NNRTI
190,ASE,NVP,RT,NNRTI
190,ASE,RPV,RT,NNRTI
230,L,EFV,RT,NNRTI
230,L,ETR,RT,NNRTI
230,L,NVP,RT,NNRTI
230,L,RPV,RT,NNRTI
30,N,NFV,PR,PI
32,I,ATV,PR,PI
32,I,DRV,PR,PI
32,I,FPV,PR,PI
32,I,IDV,PR,PI
32,I,LPV,PR,PI
32,I,SQV,PR,PI
32,I,TPV,PR,PI
33,F,ATV,PR,PI
33,F,DRV,PR,PI
33,F,FPV,PR,PI
33,F,LPV,PR,PI
33,F,NFV,PR,PI
33,F,TPV,PR,PI
46,IL,ATV,PR,PI
46,IL,FPV,PR,PI
46,IL,IDV,PR,PI
46,IL,LPV,PR,PI
46,IL,NFV,PR,PI
46,IL,TPV,PR,PI
47,V,ATV,PR,PI
47,VA,DRV,PR,PI
47,VA,FPV,PR,PI
47,V,IDV,PR,PI
47,VA,LPV,PR,PI
47,V,NFV,PR,PI
47,VA,TPV,PR,PI
48,VM,ATV,PR,PI
48,VM,LPV,PR,PI
48,VM,NFV,PR,PI
48,VM,SQV,PR,PI
50,L,ATV,PR,PI
50,V,DRV,PR,PI
50,V,FPV,PR,PI
50,V,LPV,PR,PI
54,VTALM,ATV,PR,PI
54,LM,DRV,PR,PI
54,VTALM,FPV,PR,PI
54,VTALM,IDV,PR,PI
54,VTALM,LPV,PR,PI
54,VTALM,NFV,PR,PI
54,VTALM,SQV,PR,PI
54,VAM,TPV,PR,PI
76,V,DRV,PR,PI
76,V,FPV,PR,PI
76,V,IDV,PR,PI
76,V,LPV,PR,PI
82,ATFS,ATV,PR,PI
82,F,DRV,PR,PI
82,ATFS,FPV,PR,PI
82,ATFS,IDV,PR,PI
82,ATFS,LPV,PR,PI
82,ATFS,NFV,PR,PI
82,AT,SQV,PR,PI
82,TL,TPV,PR,PI
84,V,ATV,PR,PI
84,V,DRV,PR,PI
84,V,FPV,PR,PI
84,V,IDV,PR,PI
84,V,LPV,PR,PI
84,V,NFV,PR,PI
84,V,SQV,PR,PI
84,V,TPV,PR,PI